Model,Exact Match
SpanBERT,73.5955529352312
SpanBERT-CRF,70.00758022403774
